date,real_norm,real,pred_norm,pred,tipo,sample
1932-01-01,0.7656826568265682,449.0,0.71766174,422.97266,1. train,45
1932-02-01,0.5719557195571955,344.0,0.6276537,374.1883,1. train,45
1932-03-01,0.3321033210332103,213.99999999999997,0.27558258,183.36577,1. train,45
1932-04-01,0.070110701107011,71.99999999999996,0.08272871,78.83896,1. train,45
1932-05-01,0.062730627306273,67.99999999999997,0.076791905,75.621216,1. train,45
1932-06-01,0.1180811808118081,98.0,0.07798476,76.26774,1. train,45
1932-07-01,0.0867158671586715,80.99999999999996,0.0634329,68.38063,1. train,45
1932-08-01,0.0682656826568265,70.99999999999997,0.076938726,75.70079,1. train,45
1932-09-01,0.0719557195571955,72.99999999999996,0.06801989,70.86678,1. train,45
1932-10-01,0.1070110701107011,91.99999999999999,0.10764083,92.34133,1. train,45
1932-11-01,0.1254612546125461,101.99999999999997,0.058705233,65.81824,1. train,45
1932-12-01,0.3800738007380074,240.0,0.2247152,155.79565,1. train,45
1933-01-01,0.4667896678966789,287.0,0.45825523,282.37433,1. train,45
1933-02-01,0.2343173431734317,161.0,0.29026422,191.32321,1. train,45
1933-03-01,0.2084870848708487,147.0,0.23112556,159.27007,1. train,45
1933-04-01,0.1365313653136531,107.99999999999999,0.14058775,110.198555,1. train,45
1933-05-01,0.092250922509225,83.99999999999994,0.09005783,82.81135,1. train,45
1933-06-01,0.070110701107011,71.99999999999996,0.06904446,71.422104,1. train,45
1933-07-01,0.0645756457564575,68.99999999999997,0.047603842,59.801285,1. train,45
1933-08-01,0.055350553505535,63.99999999999997,0.05059553,61.422775,1. train,45
1933-09-01,0.0535055350553505,62.99999999999998,0.062814705,68.04557,1. train,45
1933-10-01,0.0608856088560885,66.99999999999997,0.10160129,89.067894,1. train,45
1933-11-01,0.070110701107011,71.99999999999996,0.09288065,84.34131,1. train,45
1933-12-01,0.1974169741697417,141.0,0.15488248,117.946304,1. train,45
1934-01-01,0.2988929889298893,196.0,0.34681574,221.97414,1. train,45
1934-02-01,0.1143911439114391,96.0,0.3256737,210.51515,1. train,45
1934-03-01,0.1439114391143911,111.99999999999999,0.14617383,113.22622,1. train,45
1934-04-01,0.0830258302583025,78.99999999999996,0.08379673,79.41783,1. train,45
1934-05-01,0.047970479704797,59.99999999999997,0.049714997,60.945526,1. train,45
1934-06-01,0.0276752767527675,48.999999999999986,0.05055695,61.401867,1. train,45
1934-07-01,0.018450184501845,43.99999999999999,0.008360274,38.53127,1. train,45
1934-08-01,0.007380073800738,38.0,0.037956733,54.57255,1. train,45
1934-09-01,0.011070110701107,39.99999999999999,0.014456183,41.83525,1. train,45
1934-10-01,0.025830258302583,47.999999999999986,0.05204213,62.206837,1. train,45
1934-11-01,0.0424354243542435,56.99999999999998,0.06573369,69.62766,1. train,45
1934-12-01,0.3357933579335793,215.99999999999997,0.23241672,159.96986,1. train,45
1935-01-01,0.3837638376383764,242.0,0.36292145,230.70343,1. train,45
1935-02-01,0.6402214022140221,381.0,0.41488838,258.8695,1. train,45
1935-03-01,0.2767527675276753,184.0,0.2605606,175.22385,1. train,45
1935-04-01,0.2490774907749077,168.99999999999997,0.20831655,146.90756,1. train,45
1935-05-01,0.1605166051660516,120.99999999999996,0.16177638,121.68279,1. train,45
1935-06-01,0.1180811808118081,98.0,0.0944834,85.21001,1. train,45
1935-07-01,0.0719557195571955,72.99999999999996,0.07319019,73.66908,1. train,45
1935-08-01,0.0719557195571955,72.99999999999996,0.065261275,69.37161,1. train,45
1935-09-01,0.0645756457564575,68.99999999999997,0.053982753,63.25865,1. train,45
1935-10-01,0.095940959409594,85.99999999999996,0.075722426,75.04156,1. train,45
1935-11-01,0.095940959409594,85.99999999999996,0.14595944,113.110016,1. train,45
1935-12-01,0.1070110701107011,91.99999999999999,0.134532,106.91634,1. train,45
1936-01-01,0.092250922509225,83.99999999999994,0.20986862,147.7488,1. train,45
1936-02-01,0.1365313653136531,107.99999999999999,0.1976984,141.15253,1. train,45
1936-03-01,0.3597785977859778,228.99999999999997,0.20011558,142.46265,1. train,45
1936-04-01,0.1734317343173431,127.99999999999996,0.2711255,180.95003,1. train,45
1936-05-01,0.1033210332103321,90.0,0.17044152,126.3793,1. train,45
1936-06-01,0.0608856088560885,66.99999999999997,0.0961712,86.12479,1. train,45
1936-07-01,0.0424354243542435,56.99999999999998,0.057485435,65.157104,1. train,45
1936-08-01,0.044280442804428,57.99999999999998,0.051742397,62.044376,1. train,45
1936-09-01,0.0571955719557195,64.99999999999996,0.026566569,48.399082,1. train,45
1936-10-01,0.047970479704797,59.99999999999997,0.040497568,55.949684,1. train,45
1936-11-01,0.0977859778597785,86.99999999999994,0.064017825,68.69766,1. train,45
1936-12-01,0.3062730627306273,200.0,0.19651712,140.51228,1. train,45
1937-01-01,0.581180811808118,349.0,0.5446131,329.1803,1. train,45
1937-02-01,0.3634686346863469,231.0,0.41339055,258.05768,1. train,45
1937-03-01,0.2509225092250922,169.99999999999997,0.27400482,182.51062,1. train,45
1937-04-01,0.1605166051660516,120.99999999999996,0.18007874,131.60268,1. train,45
1937-05-01,0.1734317343173431,127.99999999999996,0.108436644,92.77266,1. train,45
1937-06-01,0.1125461254612546,95.0,0.09163572,83.66656,1. train,45
1937-07-01,0.07380073800738,73.99999999999996,0.0760264,75.206314,1. train,45
1937-08-01,0.051660516605166,61.99999999999997,0.06535722,69.423615,1. train,45
1937-09-01,0.0424354243542435,56.99999999999998,0.043461695,57.556236,1. train,45
1937-10-01,0.1881918819188192,136.0,0.0924845,84.1266,1. train,45
1937-11-01,0.2287822878228782,158.0,0.22345044,155.11014,1. train,45
1937-12-01,0.6346863468634686,378.0,0.4444501,274.89197,1. train,45
1938-01-01,0.4261992619926199,265.0,0.4696389,288.5443,1. train,45
1938-02-01,0.4870848708487085,298.0,0.47843036,293.30927,1. train,45
1938-03-01,0.3560885608856088,226.99999999999997,0.3034637,198.47733,1. train,45
1938-04-01,0.2214022140221402,154.0,0.19297224,138.59096,1. train,45
1938-05-01,0.1826568265682656,132.99999999999994,0.1848081,134.16599,1. train,45
1938-06-01,0.1309963099630996,105.0,0.12138546,99.790924,1. train,45
1938-07-01,0.0996309963099631,88.0,0.09120899,83.43527,1. train,45
1938-08-01,0.0940959409594095,84.99999999999994,0.1038645,90.29456,1. train,45
1938-09-01,0.1162361623616236,96.99999999999999,0.07608374,75.23739,1. train,45
1938-10-01,0.1678966789667896,124.99999999999997,0.14718851,113.77618,1. train,45
1938-11-01,0.1863468634686346,134.99999999999994,0.23794809,162.96786,1. train,45
1938-12-01,0.4095940959409594,256.0,0.36261123,230.5353,1. train,45
1939-01-01,0.4169741697416974,260.0,0.44708338,276.3192,1. train,45
1939-02-01,0.4188191881918819,261.0,0.41188395,257.24112,1. train,45
1939-03-01,0.2121771217712177,149.0,0.3355488,215.86745,1. train,45
1939-04-01,0.2140221402214022,150.0,0.12685144,102.75348,1. train,45
1939-05-01,0.1346863468634686,106.99999999999997,0.14501078,112.59584,1. train,45
1939-06-01,0.0977859778597785,86.99999999999994,0.09059017,83.09988,1. train,45
1939-07-01,0.0830258302583025,78.99999999999996,0.08113051,77.97274,1. train,45
1939-08-01,0.0608856088560885,66.99999999999997,0.068310775,71.024445,1. train,45
1939-09-01,0.0535055350553505,62.99999999999998,0.055225737,63.93235,1. train,45
1939-10-01,0.070110701107011,71.99999999999996,0.07881623,76.7184,1. train,45
1939-11-01,0.1660516605166051,123.99999999999999,0.1258959,102.23558,1. train,45
1939-12-01,0.3413284132841328,219.0,0.2790634,185.25237,1. train,45
1940-01-01,0.4354243542435424,270.0,0.45169327,278.81775,1. train,45
1940-02-01,0.518450184501845,315.0,0.40213895,251.95932,1. train,45
1940-03-01,0.4077490774907749,254.99999999999997,0.4456251,275.5288,1. train,45
1940-04-01,0.2121771217712177,149.0,0.24951702,169.23824,1. train,45
1940-05-01,0.1457564575645756,112.99999999999997,0.15877658,120.05691,1. train,45
1940-06-01,0.1107011070110701,94.0,0.10072955,88.59542,1. train,45
1940-07-01,0.0793357933579335,76.99999999999996,0.07440372,74.32681,1. train,45
1940-08-01,0.0571955719557195,64.99999999999996,0.06625636,69.91094,1. train,45
1940-09-01,0.055350553505535,63.99999999999997,0.045460425,58.63955,1. train,45
1940-10-01,0.084870848708487,79.99999999999996,0.07115955,72.56848,1. train,45
1940-11-01,0.2638376383763838,177.00000000000003,0.1352683,107.315414,1. train,45
1940-12-01,0.3302583025830258,212.99999999999997,0.34086424,218.74843,1. train,45
1941-01-01,0.3671586715867159,233.0,0.43336895,268.886,1. train,45
1941-02-01,0.2103321033210332,147.99999999999997,0.31440824,204.40927,1. train,45
1941-03-01,0.2066420664206642,146.0,0.16477042,123.30557,1. train,45
1941-04-01,0.1568265682656826,118.99999999999996,0.10456024,90.671646,1. train,45
1941-05-01,0.0885608856088561,82.0,0.079824395,77.264824,1. train,45
1941-06-01,0.0719557195571955,72.99999999999996,0.060588524,66.83898,1. train,45
1941-07-01,0.0756457564575645,74.99999999999994,0.0546979,63.646263,1. train,45
1941-08-01,0.044280442804428,57.99999999999998,0.045638405,58.736015,1. train,45
1941-09-01,0.1014760147601476,89.0,0.07072291,72.33182,1. train,45
1941-10-01,0.1107011070110701,94.0,0.13125516,105.1403,1. train,45
1941-11-01,0.1217712177121771,99.99999999999999,0.14512509,112.6578,1. train,45
1941-12-01,0.3007380073800738,196.99999999999997,0.31993034,207.40225,1. train,45
1942-01-01,0.2398523985239852,163.99999999999997,0.3085416,201.22955,1. train,45
1942-02-01,0.2933579335793358,193.0,0.27923694,185.34644,1. train,45
1942-03-01,0.4298892988929889,267.0,0.2353317,161.54977,1. train,45
1942-04-01,0.1937269372693726,138.99999999999994,0.16318005,122.44359,1. train,45
1942-05-01,0.1457564575645756,112.99999999999997,0.12290431,100.614136,1. train,45
1942-06-01,0.1070110701107011,91.99999999999999,0.112992264,95.24181,1. train,45
1942-07-01,0.0885608856088561,82.0,0.07742768,75.965805,1. train,45
1942-08-01,0.059040590405904,65.99999999999997,0.08207623,78.48532,1. train,45
1942-09-01,0.0535055350553505,62.99999999999998,0.044319026,58.020912,1. train,45
1942-10-01,0.1033210332103321,90.0,0.064247765,68.82229,1. train,45
1942-11-01,0.1457564575645756,112.99999999999997,0.097673066,86.938805,1. train,45
1942-12-01,0.2435424354243542,165.99999999999997,0.27408558,182.5544,1. train,45
1943-01-01,0.8118081180811807,474.0,0.41093895,256.7289,1. train,45
1943-02-01,0.5073800738007379,309.0,0.489546,299.33392,1. train,45
1943-03-01,0.4575645756457564,282.0,0.44152892,273.30865,1. train,45
1943-04-01,0.1863468634686346,134.99999999999994,0.22375736,155.27649,1. train,45
1943-05-01,0.1143911439114391,96.0,0.13311045,106.14586,1. train,45
1943-06-01,0.1402214022140221,109.99999999999999,0.12661904,102.62752,1. train,45
1943-07-01,0.092250922509225,83.99999999999994,0.080458835,77.60869,1. train,45
1943-08-01,0.0830258302583025,78.99999999999996,0.06798157,70.84601,1. train,45
1943-09-01,0.07380073800738,73.99999999999996,0.07569352,75.02589,1. train,45
1943-10-01,0.1254612546125461,101.99999999999997,0.11490872,96.280525,1. train,45
1943-11-01,0.1254612546125461,101.99999999999997,0.11972982,98.89356,1. train,45
1943-12-01,0.2785977859778598,185.0,0.20849763,147.0057,1. train,45
1944-01-01,0.2324723247232472,159.99999999999997,0.38796106,244.2749,1. train,45
1944-02-01,0.4022140221402214,252.0,0.212943,149.4151,1. train,45
1944-03-01,0.4077490774907749,254.99999999999997,0.31531638,204.90149,1. train,45
1944-04-01,0.1734317343173431,127.99999999999996,0.19706915,140.81148,1. train,45
1944-05-01,0.1143911439114391,96.0,0.11456003,96.09154,1. train,45
1944-06-01,0.0996309963099631,88.0,0.093156725,84.490944,1. train,45
1944-07-01,0.0793357933579335,76.99999999999996,0.06343881,68.383835,1. train,45
1944-08-01,0.059040590405904,65.99999999999997,0.07015932,72.02636,1. train,45
1944-09-01,0.051660516605166,61.99999999999997,0.04058715,55.998234,1. train,45
1944-10-01,0.0535055350553505,62.99999999999998,0.06785488,70.77734,1. train,45
1944-11-01,0.1051660516605166,91.0,0.085087195,80.117256,1. train,45
1944-12-01,0.1402214022140221,109.99999999999999,0.18200019,132.6441,1. train,45
1945-01-01,0.2084870848708487,147.0,0.2522206,170.70357,1. train,45
1945-02-01,0.459409594095941,283.0,0.3698674,234.46814,1. train,45
1945-03-01,0.2287822878228782,158.0,0.3337618,214.89891,1. train,45
1945-04-01,0.1715867158671586,126.99999999999997,0.1971665,140.86426,1. train,45
1945-05-01,0.1070110701107011,91.99999999999999,0.12177236,100.00062,1. train,45
1945-06-01,0.095940959409594,85.99999999999996,0.068077154,70.89782,1. train,45
1945-07-01,0.0682656826568265,70.99999999999997,0.06339409,68.359604,1. train,45
1945-08-01,0.044280442804428,57.99999999999998,0.04868239,60.385857,1. train,45
1945-09-01,0.03690036900369,53.99999999999998,0.046757303,59.342457,1. train,45
1945-10-01,0.040590405904059,55.99999999999998,0.04789886,59.96118,1. train,45
1945-11-01,0.1291512915129151,103.99999999999997,0.07086607,72.40942,1. train,45
1945-12-01,0.3136531365313653,203.99999999999997,0.15543626,118.24645,1. train,45
1946-01-01,0.7822878228782287,458.0,0.48533472,297.05142,1. train,45
1946-02-01,0.2361623616236162,161.99999999999997,0.22326949,155.01207,1. train,45
1946-03-01,0.2656826568265683,178.0,0.20968744,147.6506,1. train,45
1946-04-01,0.2472324723247232,168.0,0.19459012,139.46785,1. train,45
1946-05-01,0.1309963099630996,105.0,0.11792283,97.91417,1. train,45
1946-06-01,0.1051660516605166,91.0,0.08927094,82.38486,1. train,45
1946-07-01,0.0867158671586715,80.99999999999996,0.08077224,77.77856,1. train,45
1946-08-01,0.059040590405904,65.99999999999997,0.053344652,62.9128,1. train,45
1946-09-01,0.0424354243542435,56.99999999999998,0.07007431,71.98028,1. train,45
1946-10-01,0.0977859778597785,86.99999999999994,0.106055915,91.48231,1. train,45
1946-11-01,0.1512915129151291,115.99999999999997,0.11795157,97.92975,1. train,45
1946-12-01,0.1457564575645756,112.99999999999997,0.22358108,155.18095,1. train,45
1947-01-01,0.3560885608856088,226.99999999999997,0.3418408,219.27773,1. train,45
1947-02-01,0.4059040590405904,254.0,0.38037977,240.16585,1. train,45
1947-03-01,1.0,576.0,0.4103443,256.40662,1. train,45
1947-04-01,0.3671586715867159,233.0,0.34107998,218.86536,1. train,45
1947-05-01,0.2029520295202952,144.0,0.18249467,132.91211,1. train,45
1947-06-01,0.1586715867158671,119.99999999999997,0.16149756,121.53168,1. train,45
1947-07-01,0.1402214022140221,109.99999999999999,0.12634055,102.47658,1. train,45
1947-08-01,0.1217712177121771,99.99999999999999,0.105494715,91.17814,1. train,45
1947-09-01,0.1365313653136531,107.99999999999999,0.103187285,89.92751,1. train,45
1947-10-01,0.1346863468634686,106.99999999999997,0.09807387,87.15604,1. train,45
1947-11-01,0.1512915129151291,115.99999999999997,0.13092992,104.96401,1. train,45
1947-12-01,0.3487084870848708,222.99999999999997,0.3206222,207.77724,1. train,45
1948-01-01,0.3468634686346863,221.99999999999997,0.3527817,225.2077,1. train,45
1948-02-01,0.3450184501845018,220.99999999999997,0.25500512,172.21278,1. train,45
1948-03-01,0.452029520295203,279.0,0.28707045,189.5922,1. train,45
1948-04-01,0.2416974169741697,164.99999999999997,0.26995593,180.31612,1. train,45
1948-05-01,0.1568265682656826,118.99999999999996,0.17079054,126.568474,1. train,45
1948-06-01,0.1273062730627306,102.99999999999999,0.124297425,101.3692,1. train,45
1948-07-01,0.0977859778597785,86.99999999999994,0.09131167,83.49093,1. train,45
1948-08-01,0.0756457564575645,74.99999999999994,0.088883266,82.17473,1. train,45
1948-09-01,0.0608856088560885,66.99999999999997,0.05827709,65.58618,1. train,45
1948-10-01,0.070110701107011,71.99999999999996,0.075499535,74.920746,1. train,45
1948-11-01,0.1512915129151291,115.99999999999997,0.09837945,87.32166,1. train,45
1948-12-01,0.3062730627306273,200.0,0.24304144,165.72845,1. train,45
1949-01-01,0.3911439114391144,246.00000000000003,0.4417633,273.43573,1. train,45
1949-02-01,0.4686346863468635,288.0,0.42107904,262.22485,1. train,45
1949-03-01,0.2859778597785978,189.0,0.39092463,245.88116,1. train,45
1949-04-01,0.1734317343173431,127.99999999999996,0.19191714,138.01909,1. train,45
1949-05-01,0.1180811808118081,98.0,0.11780439,97.84998,1. train,45
1949-06-01,0.092250922509225,83.99999999999994,0.07466158,74.466576,1. train,45
1949-07-01,0.0756457564575645,74.99999999999994,0.06778279,70.73827,1. train,45
1949-08-01,0.059040590405904,65.99999999999997,0.057898264,65.38086,1. train,45
1949-09-01,0.040590405904059,55.99999999999998,0.045054898,58.419754,1. train,45
1949-10-01,0.070110701107011,71.99999999999996,0.08418796,79.629875,1. train,45
1949-11-01,0.084870848708487,79.99999999999996,0.10980984,93.51694,1. train,45
1949-12-01,0.2416974169741697,164.99999999999997,0.15634216,118.73745,1. train,45
1950-01-01,0.4612546125461255,284.0,0.47912315,293.68475,1. train,45
1950-02-01,0.5904059040590406,354.00000000000006,0.36175817,230.07294,1. train,45
1950-03-01,0.3487084870848708,222.99999999999997,0.36677694,232.7931,1. train,45
1950-04-01,0.2380073800738007,163.0,0.20460543,144.89615,1. train,45
1950-05-01,0.1605166051660516,120.99999999999996,0.14902113,114.769455,1. train,45
1950-06-01,0.1125461254612546,95.0,0.10525305,91.04716,1. train,45
1950-07-01,0.0904059040590406,83.0,0.08291828,78.94171,1. train,45
1950-08-01,0.0608856088560885,66.99999999999997,0.06526018,69.37102,1. train,45
1950-09-01,0.0535055350553505,62.99999999999998,0.05559094,64.13029,1. train,45
1950-10-01,0.07380073800738,73.99999999999996,0.06165246,67.415634,1. train,45
1950-11-01,0.2970479704797048,195.0,0.12624465,102.4246,1. train,45
1950-12-01,0.2970479704797048,195.0,0.33108583,213.44853,1. train,45
1951-01-01,0.3413284132841328,219.0,0.43200096,268.14453,1. train,45
1951-02-01,0.3671586715867159,233.0,0.30046836,196.85385,1. train,45
1951-03-01,0.3763837638376384,238.0,0.3143061,204.35391,1. train,45
1951-04-01,0.2324723247232472,159.99999999999997,0.20280987,143.92296,1. train,45
1951-05-01,0.1383763837638376,108.99999999999997,0.14126197,110.56399,1. train,45
1951-06-01,0.1051660516605166,91.0,0.092177816,83.96038,1. train,45
1951-07-01,0.084870848708487,79.99999999999996,0.08486221,79.99532,1. train,45
1951-08-01,0.066420664206642,69.99999999999996,0.06532169,69.40436,1. train,45
1951-09-01,0.0461254612546125,58.99999999999997,0.06839927,71.07241,1. train,45
1951-10-01,0.062730627306273,67.99999999999997,0.06406063,68.720856,1. train,45
1951-11-01,0.0793357933579335,76.99999999999996,0.06400374,68.69003,1. train,45
1951-12-01,0.1937269372693726,138.99999999999994,0.15809226,119.686005,1. train,45
1952-01-01,0.3985239852398524,250.0,0.36253506,230.494,1. train,45
1952-02-01,0.4243542435424354,264.0,0.377763,238.74756,1. train,45
1952-03-01,0.4944649446494465,302.0,0.40672773,254.44644,1. train,45
1952-04-01,0.2214022140221402,154.0,0.42621034,265.006,1. train,45
1952-05-01,0.1365313653136531,107.99999999999999,0.12983145,104.368645,1. train,45
1952-06-01,0.1254612546125461,101.99999999999997,0.1184187,98.18294,1. train,45
1952-07-01,0.0830258302583025,78.99999999999996,0.07230205,73.18771,1. train,45
1952-08-01,0.062730627306273,67.99999999999997,0.06212407,67.67125,1. train,45
1952-09-01,0.0867158671586715,80.99999999999996,0.053759977,63.137905,1. train,45
1952-10-01,0.062730627306273,67.99999999999997,0.05153549,61.932236,1. train,45
1952-11-01,0.1660516605166051,123.99999999999999,0.14103638,110.44171,1. train,45
1952-12-01,0.2822878228782288,187.0,0.27673176,183.98862,1. train,45
1953-01-01,0.1143911439114391,96.0,0.39226034,246.60512,1. train,45
1953-02-01,0.1697416974169741,125.99999999999996,0.1591116,120.23849,1. train,45
1953-03-01,0.1752767527675277,129.0,0.22819233,157.68025,1. train,45
1953-04-01,0.1955719557195572,140.0,0.09236518,84.061935,1. train,45
1953-05-01,0.1070110701107011,91.99999999999999,0.088044785,81.720276,1. train,45
1953-06-01,0.070110701107011,71.99999999999996,0.07201356,73.03135,1. train,45
1953-07-01,0.047970479704797,59.99999999999997,0.059094176,66.029045,1. train,45
1953-08-01,0.033210332103321,51.99999999999998,0.04166934,56.58478,1. train,45
1953-09-01,0.0350553505535055,52.99999999999998,0.03246906,51.598232,1. train,45
1953-10-01,0.0387453874538745,54.99999999999998,0.04156004,56.52554,1. train,45
1953-11-01,0.1070110701107011,91.99999999999999,0.08039337,77.573204,1. train,45
1953-12-01,0.2214022140221402,154.0,0.14805631,114.24652,1. train,45
1954-01-01,0.1771217712177121,129.99999999999997,0.31276214,203.51709,1. train,45
1954-02-01,0.2416974169741697,164.99999999999997,0.28191468,186.79776,1. train,45
1954-03-01,0.1476014760147601,113.99999999999996,0.24607463,167.37245,1. train,45
1954-04-01,0.0904059040590406,83.0,0.13400641,106.63148,1. train,45
1954-05-01,0.095940959409594,85.99999999999996,0.04936762,60.757248,1. train,45
1954-06-01,0.1162361623616236,96.99999999999999,0.05117221,61.735336,1. train,45
1954-07-01,0.0313653136531365,50.999999999999986,0.057007633,64.89813,1. train,45
1954-08-01,0.014760147601476,41.999999999999986,0.04119231,56.326233,1. train,45
1954-09-01,0.0092250922509225,38.99999999999999,0.018664002,44.115887,1. train,45
1954-10-01,0.03690036900369,53.99999999999998,0.02939608,49.932674,1. train,45
1954-11-01,0.1088560885608856,93.0,0.06676934,70.18899,1. train,45
1954-12-01,0.1494464944649446,114.99999999999999,0.17961495,131.3513,1. train,45
1955-01-01,0.3819188191881918,240.99999999999997,0.2864029,189.23038,1. train,45
1955-02-01,0.1715867158671586,126.99999999999997,0.1943565,139.34123,1. train,45
1955-03-01,0.1365313653136531,107.99999999999999,0.26289016,176.48648,1. train,45
1955-04-01,0.1070110701107011,91.99999999999999,0.073490754,73.831985,1. train,45
1955-05-01,0.062730627306273,67.99999999999997,0.04454317,58.142395,1. train,45
1955-06-01,0.0498154981549815,60.99999999999997,0.052676804,62.550827,1. train,45
1955-07-01,0.033210332103321,51.99999999999998,0.03971312,55.52451,1. train,45
1955-08-01,0.03690036900369,53.99999999999998,0.036367238,53.71104,1. train,45
1955-09-01,0.03690036900369,53.99999999999998,0.033660617,52.244057,1. train,45
1955-10-01,0.0571955719557195,64.99999999999996,0.070510305,72.21659,1. train,45
1955-11-01,0.1180811808118081,98.0,0.10189603,89.227646,1. train,45
1955-12-01,0.3542435424354244,226.00000000000003,0.25475273,172.07599,1. train,45
1956-01-01,0.2121771217712177,149.0,0.32759646,211.55728,1. train,45
1956-02-01,0.1771217712177121,129.99999999999997,0.24347217,165.96191,1. train,45
1956-03-01,0.3210332103321033,208.0,0.16348973,122.611435,1. train,45
1956-04-01,0.1217712177121771,99.99999999999999,0.110460356,93.869514,1. train,45
1956-05-01,0.0996309963099631,88.0,0.077891976,76.21745,1. train,45
1956-06-01,0.0830258302583025,78.99999999999996,0.07114235,72.55916,1. train,45
1956-07-01,0.066420664206642,69.99999999999996,0.059129454,66.048164,1. train,45
1956-08-01,0.0498154981549815,60.99999999999997,0.05946649,66.230835,1. train,45
1956-09-01,0.044280442804428,57.99999999999998,0.058448873,65.67929,1. train,45
1956-10-01,0.0645756457564575,68.99999999999997,0.06412541,68.755974,1. train,45
1956-11-01,0.0645756457564575,68.99999999999997,0.06506095,69.26304,1. train,45
1956-12-01,0.2638376383763838,177.00000000000003,0.20626596,145.79616,1. train,45
1957-01-01,0.3431734317343173,219.99999999999997,0.29138148,191.92877,1. train,45
1957-02-01,0.3118081180811808,203.0,0.3743125,236.87738,1. train,45
1957-03-01,0.444649446494465,275.0,0.3023155,197.85501,1. train,45
1957-04-01,0.3376383763837638,216.99999999999997,0.28238437,187.05234,1. train,45
1957-05-01,0.1900369003690037,137.0,0.17835936,130.67078,1. train,45
1957-06-01,0.0885608856088561,82.0,0.13684839,108.17183,1. train,45
1957-07-01,0.0885608856088561,82.0,0.08363778,79.33168,1. train,45
1957-08-01,0.0645756457564575,68.99999999999997,0.071894385,72.96676,1. train,45
1957-09-01,0.1328413284132841,105.99999999999999,0.05591764,64.30736,1. train,45
1957-10-01,0.0867158671586715,80.99999999999996,0.060827944,66.96875,1. train,45
1957-11-01,0.2140221402214022,150.0,0.17256767,127.53168,1. train,45
1957-12-01,0.2232472324723247,154.99999999999997,0.34346676,220.159,1. train,45
1958-01-01,0.3708487084870849,235.0,0.37716383,238.4228,1. train,45
1958-02-01,0.4206642066420664,262.0,0.38704225,243.7769,1. train,45
1958-03-01,0.2195571955719557,152.99999999999997,0.27280274,181.85909,1. train,45
1958-04-01,0.1494464944649446,114.99999999999999,0.14357235,111.81621,1. train,45
1958-05-01,0.1494464944649446,114.99999999999999,0.10219851,89.391594,1. train,45
1958-06-01,0.1217712177121771,99.99999999999999,0.08441328,79.752,1. train,45
1958-07-01,0.1088560885608856,93.0,0.079039775,76.83956,1. train,45
1958-08-01,0.077490774907749,75.99999999999997,0.0740225,74.12019,1. train,45
1958-09-01,0.1494464944649446,114.99999999999999,0.08203164,78.46114,1. train,45
1958-10-01,0.2287822878228782,158.0,0.16025886,120.8603,1. train,45
1958-11-01,0.2527675276752767,170.99999999999997,0.31936604,207.0964,1. train,45
1958-12-01,0.3154981549815498,205.0,0.37180364,235.51758,1. train,45
1959-01-01,0.3487084870848708,222.99999999999997,0.31269255,203.47937,1. train,45
1959-02-01,0.1955719557195572,140.0,0.32446986,209.86267,1. train,45
1959-03-01,0.2084870848708487,147.0,0.12650098,102.56353,1. train,45
1959-04-01,0.1771217712177121,129.99999999999997,0.122896045,100.60966,1. train,45
1959-05-01,0.084870848708487,79.99999999999996,0.09738968,86.78521,1. train,45
1959-06-01,0.07380073800738,73.99999999999996,0.07368242,73.935875,1. train,45
1959-07-01,0.070110701107011,71.99999999999996,0.07557195,74.96,1. train,45
1959-08-01,0.084870848708487,79.99999999999996,0.06411514,68.750404,1. train,45
1959-09-01,0.1014760147601476,89.0,0.06867036,71.21934,1. train,45
1959-10-01,0.0608856088560885,66.99999999999997,0.13110721,105.060104,1. train,45
1959-11-01,0.1752767527675277,129.0,0.10299556,89.82359,1. train,45
1959-12-01,0.1845018450184501,133.99999999999997,0.26118228,175.5608,1. train,45
1960-01-01,0.3302583025830258,212.99999999999997,0.285426,188.7009,1. train,45
1960-02-01,0.3081180811808118,201.0,0.3200121,207.44656,1. train,45
1960-03-01,0.4114391143911439,257.0,0.29602778,194.44707,1. train,45
1960-04-01,0.2250922509225092,156.0,0.28216875,186.93547,1. train,45
1960-05-01,0.1808118081180811,131.99999999999997,0.12989089,104.40086,1. train,45
1960-06-01,0.1291512915129151,103.99999999999997,0.1229361,100.63136,1. train,45
1960-07-01,0.092250922509225,83.99999999999994,0.08825236,81.83278,1. train,45
1960-08-01,0.070110701107011,71.99999999999996,0.07131079,72.650444,1. train,45
1960-09-01,0.0571955719557195,64.99999999999996,0.059953097,66.49458,1. train,45
1960-10-01,0.0682656826568265,70.99999999999997,0.05128712,61.79762,1. train,45
1960-11-01,0.1143911439114391,96.0,0.077386945,75.943726,1. train,45
1960-12-01,0.3136531365313653,203.99999999999997,0.18378559,133.61179,1. train,45
1961-01-01,0.6771217712177121,401.0,0.41268215,257.67374,1. train,45
1961-02-01,0.6771217712177121,401.0,0.5988901,358.59845,1. train,45
1961-03-01,0.6309963099630995,376.0,0.6074698,363.24863,1. train,45
1961-04-01,0.3210332103321033,208.0,0.3478071,222.51146,1. train,45
1961-05-01,0.2472324723247232,168.0,0.22006613,153.27585,1. train,45
1961-06-01,0.1660516605166051,123.99999999999999,0.22273135,154.7204,1. train,45
1961-07-01,0.1217712177121771,99.99999999999999,0.11224893,94.83892,1. train,45
1961-08-01,0.092250922509225,83.99999999999994,0.09327268,84.553795,1. train,45
1961-09-01,0.0682656826568265,70.99999999999997,0.08303605,79.00554,1. train,45
1961-10-01,0.059040590405904,65.99999999999997,0.051943094,62.153156,1. train,45
1961-11-01,0.1107011070110701,94.0,0.10529301,91.06882,1. train,45
1961-12-01,0.1549815498154981,117.99999999999997,0.14517346,112.68401,1. train,45
1962-01-01,0.2509225092250922,169.99999999999997,0.17748837,130.1987,1. train,45
1962-02-01,0.654981549815498,389.0,0.4729218,290.3236,1. train,45
1962-03-01,0.3007380073800738,196.99999999999997,0.4441929,274.75253,1. train,45
1962-04-01,0.1863468634686346,134.99999999999994,0.2485497,168.71394,1. train,45
1962-05-01,0.1383763837638376,108.99999999999997,0.121026754,99.5965,1. train,45
1962-06-01,0.0940959409594095,84.99999999999994,0.090660356,83.13792,1. train,45
1962-07-01,0.0645756457564575,68.99999999999997,0.07630842,75.35917,1. train,45
1962-08-01,0.0535055350553505,62.99999999999998,0.048194557,60.12145,1. train,45
1962-09-01,0.0682656826568265,70.99999999999997,0.052010056,62.18945,1. train,45
1962-10-01,0.1070110701107011,91.99999999999999,0.05460169,63.594116,1. train,45
1962-11-01,0.1642066420664206,122.99999999999996,0.13277264,105.96277,1. train,45
1962-12-01,0.3837638376383764,242.0,0.26408863,177.13605,1. train,45
1963-01-01,0.4354243542435424,270.0,0.48980266,299.47302,1. train,45
1963-02-01,0.2859778597785978,189.0,0.30557698,199.62273,1. train,45
1963-03-01,0.2214022140221402,154.0,0.22645065,156.73627,1. train,45
1963-04-01,0.1107011070110701,94.0,0.11774369,97.817085,1. train,45
1963-05-01,0.0867158671586715,80.99999999999996,0.07981957,77.26221,1. train,45
1963-06-01,0.0682656826568265,70.99999999999997,0.067494325,70.581924,1. train,45
1963-07-01,0.055350553505535,63.99999999999997,0.048309177,60.183575,1. train,45
1963-08-01,0.044280442804428,57.99999999999998,0.05276943,62.60103,1. train,45
1963-09-01,0.025830258302583,47.999999999999986,0.05712513,64.96182,1. train,45
1963-10-01,0.033210332103321,51.99999999999998,0.082545176,78.73949,1. train,45
1963-11-01,0.070110701107011,71.99999999999996,0.09080846,83.218185,1. train,45
1963-12-01,0.0387453874538745,54.99999999999998,0.15706968,119.13177,1. train,45
1964-01-01,0.2822878228782288,187.0,0.18556096,134.57404,1. train,45
1964-02-01,0.470479704797048,289.0,0.38283545,241.49683,1. train,45
1964-03-01,0.1900369003690037,137.0,0.2505029,169.77258,1. train,45
1964-04-01,0.0940959409594095,84.99999999999994,0.14578527,113.01562,1. train,45
1964-05-01,0.0719557195571955,72.99999999999996,0.076356046,75.38498,1. train,45
1964-06-01,0.040590405904059,55.99999999999998,0.043803193,57.74133,1. train,45
1964-07-01,0.0461254612546125,58.99999999999997,0.054066584,63.30409,1. train,45
1964-08-01,0.018450184501845,43.99999999999999,0.023853552,46.928627,1. train,45
1964-09-01,0.003690036900369,35.99999999999999,0.040431738,55.914,1. train,45
1964-10-01,0.070110701107011,71.99999999999996,0.043296646,57.46678,1. train,45
1964-11-01,0.0830258302583025,78.99999999999996,0.065484144,69.49241,1. train,45
1964-12-01,0.2195571955719557,152.99999999999997,0.16055037,121.0183,1. train,45
1965-01-01,0.5571955719557194,336.0,0.51011646,310.48312,1. train,45
1965-02-01,0.8044280442804428,470.0,0.38633308,243.39253,1. train,45
1965-03-01,0.5166051660516605,314.00000000000006,0.4944184,301.9748,1. train,45
1965-04-01,0.2140221402214022,150.0,0.23289363,160.22835,1. train,45
1965-05-01,0.2324723247232472,159.99999999999997,0.15337889,117.131355,1. train,45
1965-06-01,0.1217712177121771,99.99999999999999,0.14788833,114.15547,1. train,45
1965-07-01,0.1051660516605166,91.0,0.09407861,84.99061,1. train,45
1965-08-01,0.081180811808118,77.99999999999996,0.06806176,70.88948,1. train,45
1965-09-01,0.0571955719557195,64.99999999999996,0.060482062,66.78128,1. train,45
1965-10-01,0.0977859778597785,86.99999999999994,0.058297437,65.59721,1. train,45
1965-11-01,0.1586715867158671,119.99999999999997,0.12189718,100.068275,1. train,45
1965-12-01,0.3247232472324723,210.0,0.282305,187.00932,1. train,45
1966-01-01,0.7380073800738006,433.99999999999994,0.5719664,344.0058,1. train,45
1966-02-01,0.4501845018450184,278.0,0.49753356,303.66318,1. train,45
1966-03-01,0.5166051660516605,314.00000000000006,0.39778686,249.60048,1. train,45
1966-04-01,0.2546125461254612,171.99999999999997,0.30778837,200.8213,1. train,45
1966-05-01,0.1623616236162361,121.99999999999997,0.16656025,124.27565,1. train,45
1966-06-01,0.1107011070110701,94.0,0.14633183,113.31185,1. train,45
1966-07-01,0.081180811808118,77.99999999999996,0.08631637,80.78348,1. train,45
1966-08-01,0.0608856088560885,66.99999999999997,0.07378262,73.99018,1. train,45
1966-09-01,0.0424354243542435,56.99999999999998,0.060004782,66.52259,1. train,45
1966-10-01,0.1033210332103321,90.0,0.068942055,71.36659,1. train,45
1966-11-01,0.1752767527675277,129.0,0.13745514,108.50068,1. train,45
1966-12-01,0.3763837638376384,238.0,0.32114545,208.06084,1. train,45
1967-01-01,0.614391143911439,367.0,0.4476754,276.64008,1. train,45
1967-02-01,0.629151291512915,375.0,0.5383357,325.77792,1. train,45
1967-03-01,0.4188191881918819,261.0,0.50106144,305.5753,1. train,45
1967-04-01,0.2361623616236162,161.99999999999997,0.19568263,140.05998,1. train,45
1967-05-01,0.1365313653136531,107.99999999999999,0.17079084,126.568634,1. train,45
1967-06-01,0.1439114391143911,111.99999999999999,0.107660465,92.351974,1. train,45
1967-07-01,0.1180811808118081,98.0,0.09284196,84.32034,1. train,45
1967-08-01,0.0645756457564575,68.99999999999997,0.085530296,80.35742,1. train,45
1967-09-01,0.0719557195571955,72.99999999999996,0.058878068,65.91191,1. train,45
1967-10-01,0.0867158671586715,80.99999999999996,0.0934997,84.67684,1. train,45
1967-11-01,0.2121771217712177,149.0,0.17474832,128.7136,1. train,45
1967-12-01,0.1974169741697417,141.0,0.28565308,188.82397,1. train,45
1968-01-01,0.2656826568265683,178.0,0.37738323,238.54172,1. train,45
1968-02-01,0.1605166051660516,120.99999999999996,0.32292664,209.02625,1. train,45
1968-03-01,0.1494464944649446,114.99999999999999,0.1645083,123.1635,1. train,45
1968-04-01,0.077490774907749,75.99999999999997,0.086114526,80.67407,1. train,45
1968-05-01,0.055350553505535,63.99999999999997,0.04783843,59.92843,1. train,45
1968-06-01,0.0387453874538745,54.99999999999998,0.049188092,60.659946,1. train,45
1968-07-01,0.0276752767527675,48.999999999999986,0.034828857,52.87724,1. train,45
1968-08-01,0.0276752767527675,48.999999999999986,0.02400028,47.008152,1. train,45
1968-09-01,0.033210332103321,51.99999999999998,0.037637375,54.399456,1. train,45
1968-10-01,0.047970479704797,59.99999999999997,0.07599627,75.18998,1. train,45
1968-11-01,0.025830258302583,47.999999999999986,0.10398034,90.357346,1. train,45
1968-12-01,0.2878228782287823,190.0,0.16946782,125.851555,1. train,45
1969-01-01,0.3597785977859778,228.99999999999997,0.34675008,221.93855,1. train,45
1969-02-01,0.3763837638376384,238.0,0.37149125,235.34827,1. train,45
1969-03-01,0.2712177121771217,180.99999999999997,0.2925412,192.55734,1. train,45
1969-04-01,0.1328413284132841,105.99999999999999,0.16031532,120.8909,1. train,45
1969-05-01,0.1088560885608856,93.0,0.10072968,88.59549,1. train,45
1969-06-01,0.077490774907749,75.99999999999997,0.0663948,69.985985,1. train,45
1969-07-01,0.0498154981549815,60.99999999999997,0.048664488,60.376152,1. train,45
1969-08-01,0.0461254612546125,58.99999999999997,0.044808056,58.28597,1. train,45
1969-09-01,0.0239852398523985,46.999999999999986,0.012588419,40.82292,1. train,45
1969-10-01,0.066420664206642,69.99999999999996,0.06508959,69.278564,1. train,45
1969-11-01,0.2029520295202952,144.0,0.116697654,97.25013,1. train,45
1969-12-01,0.2232472324723247,154.99999999999997,0.29956865,196.36621,1. train,45
1970-01-01,0.2306273062730627,159.0,0.31101453,202.56989,1. train,45
1970-02-01,0.2029520295202952,144.0,0.21197525,148.8906,1. train,45
1970-03-01,0.1900369003690037,137.0,0.20300765,144.03015,1. train,45
1970-04-01,0.1088560885608856,93.0,0.094126664,85.016655,1. train,45
1970-05-01,0.059040590405904,65.99999999999997,0.056084044,64.39755,1. train,45
1970-06-01,0.0498154981549815,60.99999999999997,0.040328443,55.858013,1. train,45
1970-07-01,0.040590405904059,55.99999999999998,0.041481823,56.483147,1. train,45
1970-08-01,0.0424354243542435,56.99999999999998,0.028856419,49.64018,1. train,45
1970-09-01,0.0682656826568265,70.99999999999997,0.038972646,55.123173,1. train,45
1970-10-01,0.0719557195571955,72.99999999999996,0.08963733,82.583435,1. train,45
1970-11-01,0.1143911439114391,96.0,0.12263646,100.46896,1. train,45
1970-12-01,0.062730627306273,67.99999999999997,0.23392238,160.78593,1. train,45
1971-01-01,0.1254612546125461,101.99999999999997,0.14045304,110.12555,1. train,45
1971-02-01,0.0350553505535055,52.99999999999998,0.17136331,126.878914,1. train,45
1971-03-01,0.0756457564575645,74.99999999999994,0.06322635,68.268684,1. train,45
1971-04-01,0.044280442804428,57.99999999999998,0.029595217,50.040607,1. train,45
1971-05-01,0.014760147601476,41.999999999999986,0.010769509,39.837074,1. train,45
1971-06-01,0.040590405904059,55.99999999999998,0.03204618,51.36903,1. train,45
1971-07-01,0.011070110701107,39.99999999999999,0.01772345,43.606113,1. train,45
1971-08-01,0.0,34.0,0.0071603316,37.8809,1. train,45
1971-09-01,0.014760147601476,41.999999999999986,0.015468445,42.3839,1. train,45
1971-10-01,0.0645756457564575,68.99999999999997,0.057755858,65.30367,1. train,45
1971-11-01,0.1236162361623616,100.99999999999999,0.09849963,87.3868,1. train,45
1971-12-01,0.3523985239852398,224.99999999999997,0.25127113,170.18896,1. train,45
1972-01-01,0.2084870848708487,147.0,0.1968438,140.68935,1. train,45
1972-02-01,0.3394833948339483,217.99999999999997,0.20685762,146.11684,1. train,45
1972-03-01,0.3653136531365313,231.99999999999997,0.31000498,202.0227,1. train,45
1972-04-01,0.1642066420664206,122.99999999999996,0.14921065,114.87217,1. train,45
1972-05-01,0.0867158671586715,80.99999999999996,0.09834356,87.30221,1. train,45
1972-06-01,0.062730627306273,67.99999999999997,0.076088965,75.24022,1. train,45
1972-07-01,0.0793357933579335,76.99999999999996,0.051285863,61.796936,1. train,45
1972-08-01,0.0571955719557195,64.99999999999996,0.05784577,65.35241,1. train,45
1972-09-01,0.033210332103321,51.99999999999998,0.038807385,55.0336,1. train,45
1972-10-01,0.1309963099630996,105.0,0.08629055,80.76948,1. train,45
1972-11-01,0.2453874538745387,166.99999999999997,0.14393349,112.01195,1. train,45
1972-12-01,0.2361623616236162,161.99999999999997,0.34195903,219.3418,1. train,45
1973-01-01,0.3745387453874538,236.99999999999994,0.33842498,217.42635,1. train,45
1973-02-01,0.3394833948339483,217.99999999999997,0.31534472,204.91684,1. train,45
1973-03-01,0.2380073800738007,163.0,0.26810506,179.31294,1. train,45
1973-04-01,0.1974169741697417,141.0,0.1248272,101.65634,1. train,45
1973-05-01,0.1254612546125461,101.99999999999997,0.10920877,93.191154,1. train,45
1973-06-01,0.066420664206642,69.99999999999996,0.07667502,75.55786,1. train,45
1973-07-01,0.066420664206642,69.99999999999996,0.07044408,72.18069,1. train,45
1973-08-01,0.033210332103321,51.99999999999998,0.052095648,62.235844,1. train,45
1973-09-01,0.033210332103321,51.99999999999998,0.054028753,63.283585,1. train,45
1973-10-01,0.0977859778597785,86.99999999999994,0.058077406,65.47796,1. train,45
1973-11-01,0.1789667896678967,131.0,0.11789842,97.90094,1. train,45
1973-12-01,0.2730627306273063,182.0,0.2586642,174.196,1. train,45
1974-01-01,0.3321033210332103,213.99999999999997,0.3912294,246.04634,1. train,45
1974-02-01,0.2250922509225092,156.0,0.35647294,227.20834,1. train,45
1974-03-01,0.3154981549815498,205.0,0.17814413,130.55412,1. train,45
1974-04-01,0.2435424354243542,165.99999999999997,0.20812501,146.80376,1. train,45
1974-05-01,0.1143911439114391,96.0,0.11871675,98.344475,1. train,45
1974-06-01,0.1180811808118081,98.0,0.0815868,78.22005,1. train,45
1974-07-01,0.07380073800738,73.99999999999996,0.08099534,77.89948,1. train,45
1974-08-01,0.0498154981549815,60.99999999999997,0.0653844,69.43835,1. train,45
1974-09-01,0.022140221402214,45.999999999999986,0.05170078,62.02182,1. train,45
1974-10-01,0.0571955719557195,64.99999999999996,0.03956367,55.44351,1. train,45
1974-11-01,0.0424354243542435,56.99999999999998,0.059031058,65.994835,1. train,45
1974-12-01,0.1881918819188192,136.0,0.1271045,102.89064,1. train,45
1975-01-01,0.2287822878228782,158.0,0.3069374,200.36008,1. train,45
1975-02-01,0.2398523985239852,163.99999999999997,0.31578368,205.15475,1. train,45
1975-03-01,0.1476014760147601,113.99999999999996,0.27175313,181.2902,1. train,45
1975-04-01,0.0904059040590406,83.0,0.1464566,113.37948,1. train,45
1975-05-01,0.0571955719557195,64.99999999999996,0.056025576,64.36586,1. train,45
1975-06-01,0.0350553505535055,52.99999999999998,0.049881794,61.03593,1. train,45
1975-07-01,0.03690036900369,53.99999999999998,0.034986034,52.96243,1. train,45
1975-08-01,0.0129151291512915,40.99999999999999,0.034009583,52.433193,1. train,45
1975-09-01,0.007380073800738,38.0,0.013257951,41.185806,1. train,45
1975-10-01,0.0498154981549815,60.99999999999997,0.032255437,51.48245,1. train,45
1975-11-01,0.1863468634686346,134.99999999999994,0.0786313,76.618164,1. train,45
1975-12-01,0.2177121771217712,152.0,0.3247534,210.01636,1. train,45
1976-01-01,0.1642066420664206,122.99999999999996,0.26751563,178.99348,1. train,45
1976-02-01,0.2047970479704797,145.0,0.18117821,132.1986,1. train,45
1976-03-01,0.1900369003690037,137.0,0.18510796,134.3285,1. train,45
1976-04-01,0.1143911439114391,96.0,0.08692897,81.11551,1. train,45
1976-05-01,0.1033210332103321,90.0,0.055493876,64.07768,1. train,45
1976-06-01,0.0793357933579335,76.99999999999996,0.060336318,66.702286,1. train,45
1976-07-01,0.0885608856088561,82.0,0.057632588,65.23686,1. train,45
1976-08-01,0.0904059040590406,83.0,0.058739364,65.83673,1. train,45
1976-09-01,0.1439114391143911,111.99999999999999,0.09076298,83.193535,1. train,45
1976-10-01,0.1199261992619926,98.99999999999999,0.13966522,109.69855,1. train,45
1976-11-01,0.2084870848708487,147.0,0.16887416,125.52979,1. train,45
1976-12-01,0.3247232472324723,210.0,0.23890157,163.48465,1. train,45
1977-01-01,0.3634686346863469,231.0,0.32114425,208.0602,1. train,45
1977-02-01,0.2970479704797048,195.0,0.3011303,197.21263,1. train,45
1977-03-01,0.2804428044280443,186.0,0.21492642,150.49013,1. train,45
1977-04-01,0.2306273062730627,159.0,0.18785657,135.81825,1. train,45
1977-05-01,0.1512915129151291,115.99999999999997,0.14078796,110.307076,1. train,45
1977-06-01,0.0867158671586715,80.99999999999996,0.10395267,90.34235,1. train,45
1977-07-01,0.062730627306273,67.99999999999997,0.08367411,79.35137,1. train,45
1977-08-01,0.03690036900369,53.99999999999998,0.056918472,64.84981,1. train,45
1977-09-01,0.0756457564575645,74.99999999999994,0.038103677,54.65219,1. train,45
1977-10-01,0.055350553505535,63.99999999999997,0.068502225,71.12821,1. train,45
1977-11-01,0.1715867158671586,126.99999999999997,0.087037854,81.17452,1. train,45
1977-12-01,0.2324723247232472,159.99999999999997,0.27527997,183.20175,1. train,45
1978-01-01,0.452029520295203,279.0,0.38830206,244.45972,1. train,45
1978-02-01,0.2527675276752767,170.99999999999997,0.4590701,282.81598,1. train,45
1978-03-01,0.2177121771217712,152.0,0.1956413,140.03758,1. train,45
1978-04-01,0.1254612546125461,101.99999999999997,0.13878359,109.2207,1. train,45
1978-05-01,0.0940959409594095,84.99999999999994,0.07665573,75.5474,1. train,45
1978-06-01,0.0756457564575645,74.99999999999994,0.06524019,69.36018,1. train,45
1978-07-01,0.0608856088560885,66.99999999999997,0.052379854,62.38988,1. train,45
1978-08-01,0.033210332103321,51.99999999999998,0.044334423,58.02926,1. train,45
1978-09-01,0.0276752767527675,48.999999999999986,0.041175354,56.317043,1. train,45
1978-10-01,0.0940959409594095,84.99999999999994,0.0694545,71.64434,1. train,45
1978-11-01,0.1697416974169741,125.99999999999996,0.102701366,89.66414,1. train,45
1978-12-01,0.1697416974169741,125.99999999999996,0.3370894,216.70245,1. train,45
1979-01-01,0.2177121771217712,152.0,0.27373686,182.36539,1. train,45
1979-02-01,0.566420664206642,341.0,0.25574797,172.6154,1. train,45
1979-03-01,0.3062730627306273,200.0,0.31722352,205.93515,1. train,45
1979-04-01,0.1531365313653136,116.99999999999999,0.1490071,114.76185,1. train,45
1979-05-01,0.1162361623616236,96.99999999999999,0.10549787,91.17984,1. train,45
1979-06-01,0.0793357933579335,76.99999999999996,0.08308001,79.029366,1. train,45
1979-07-01,0.077490774907749,75.99999999999997,0.07133015,72.66094,1. train,45
1979-08-01,0.077490774907749,75.99999999999997,0.06246478,67.85591,1. train,45
1979-09-01,0.0940959409594095,84.99999999999994,0.058246035,65.56935,1. train,45
1979-10-01,0.062730627306273,67.99999999999997,0.077617116,76.06848,1. train,45
1979-11-01,0.1494464944649446,114.99999999999999,0.1364977,107.98176,1. train,45
1979-12-01,0.3210332103321033,208.0,0.21603706,151.0921,1. train,45
1980-01-01,0.503690036900369,307.0,0.3753805,237.45624,1. train,45
1980-02-01,0.3339483394833948,214.99999999999997,0.3424796,219.62395,1. train,45
1980-03-01,0.2472324723247232,168.0,0.28598318,189.00288,1. train,45
1980-04-01,0.3339483394833948,214.99999999999997,0.21911506,152.76036,1. train,45
1980-05-01,0.1365313653136531,107.99999999999999,0.16010359,120.776146,1. train,45
1980-06-01,0.1199261992619926,98.99999999999999,0.097065754,86.60964,1. train,45
1980-07-01,0.0904059040590406,83.0,0.100545,88.49539,1. train,45
1980-08-01,0.0682656826568265,70.99999999999997,0.060267698,66.66509,1. train,45
1980-09-01,0.0535055350553505,62.99999999999998,0.062800385,68.03781,1. train,45
1980-10-01,0.0498154981549815,60.99999999999997,0.08380901,79.424484,1. train,45
1980-11-01,0.1974169741697417,141.0,0.11046907,93.87424,1. train,45
1980-12-01,0.3763837638376384,238.0,0.24073745,164.4797,1. train,45
1981-01-01,0.581180811808118,349.0,0.4799924,294.15585,1. train,45
1981-02-01,0.2970479704797048,195.0,0.35180762,224.67973,1. train,45
1981-03-01,0.2785977859778598,185.0,0.23028064,158.81212,1. train,45
1981-04-01,0.1974169741697417,141.0,0.20159192,143.26282,1. train,45
1981-05-01,0.1217712177121771,99.99999999999999,0.11922183,98.61823,1. train,45
1981-06-01,0.1033210332103321,90.0,0.08413486,79.6011,1. train,45
1981-07-01,0.0682656826568265,70.99999999999997,0.06947789,71.65702,1. train,45
1981-08-01,0.066420664206642,69.99999999999996,0.05630557,64.51762,1. train,45
1981-09-01,0.0387453874538745,54.99999999999998,0.053616375,63.060074,1. train,45
1981-10-01,0.1051660516605166,91.0,0.1021091,89.34313,1. train,45
1981-11-01,0.2490774907749077,168.99999999999997,0.13976774,109.75411,1. train,45
1981-12-01,0.4538745387453874,280.0,0.45992652,283.28018,1. train,45
1982-01-01,0.4944649446494465,302.0,0.4031036,252.48215,1. train,45
1982-02-01,0.3634686346863469,231.0,0.5030684,306.66306,1. train,45
1982-03-01,0.5940959409594095,356.0,0.31960186,207.22421,1. train,45
1982-04-01,0.3634686346863469,231.0,0.27428618,182.66312,1. train,45
1982-05-01,0.1937269372693726,138.99999999999994,0.22721724,157.15175,1. train,45
1982-06-01,0.1586715867158671,119.99999999999997,0.1682351,125.18342,1. train,45
1982-07-01,0.1051660516605166,91.0,0.118050784,97.98352,1. train,45
1982-08-01,0.0830258302583025,78.99999999999996,0.09739666,86.78899,1. train,45
1982-09-01,0.051660516605166,61.99999999999997,0.084052645,79.55653,1. train,45
1982-10-01,0.1420664206642066,110.99999999999997,0.081209056,78.01531,1. train,45
1982-11-01,0.1568265682656826,118.99999999999996,0.13976482,109.752525,1. train,45
1982-12-01,0.3892988929889299,245.0,0.2920069,192.26775,1. train,45
1983-01-01,0.8468634686346863,493.0,0.5454508,329.63434,1. train,45
1983-02-01,0.654981549815498,389.0,0.63866824,380.15817,1. train,45
1983-03-01,0.7416974169741697,436.0,0.5502815,332.25256,1. train,45
1983-04-01,0.5498154981549815,332.0,0.45449433,280.33594,1. train,45
1983-05-01,0.3394833948339483,217.99999999999997,0.32554266,210.44412,1. train,45
1983-06-01,0.5498154981549815,332.0,0.38024428,240.0924,1. train,45
1983-07-01,0.2952029520295203,194.0,0.2953178,194.06226,1. train,45
1983-08-01,0.1789667896678967,131.0,0.18271685,133.03253,1. train,45
1983-09-01,0.452029520295203,279.0,0.4061407,254.12828,1. train,45
1983-10-01,0.3487084870848708,222.99999999999997,0.31667012,205.63521,1. train,45
1983-11-01,0.4372693726937269,271.0,0.4224919,262.99063,1. train,45
1983-12-01,0.6678966789667896,396.0,0.5475124,330.7517,1. train,45
1984-01-01,0.5147601476014759,313.0,0.44832066,276.9898,1. train,45
1984-02-01,0.2601476014760148,175.0,0.27010885,180.399,1. train,45
1984-03-01,0.1845018450184501,133.99999999999997,0.23934007,163.72232,1. train,45
1984-04-01,0.1623616236162361,121.99999999999997,0.1528945,116.86881,1. train,45
1984-05-01,0.1549815498154981,117.99999999999997,0.1376786,108.621796,1. train,45
1984-06-01,0.0940959409594095,84.99999999999994,0.11414559,95.86691,1. train,45
1984-07-01,0.070110701107011,71.99999999999996,0.11355275,95.545586,1. train,45
1984-08-01,0.0608856088560885,66.99999999999997,0.07879041,76.7044,1. train,45
1984-09-01,0.077490774907749,75.99999999999997,0.06361498,68.47932,1. train,45
1984-10-01,0.0535055350553505,62.99999999999998,0.07443399,74.34322,1. train,45
1984-11-01,0.0867158671586715,80.99999999999996,0.057450026,65.13792,1. train,45
1984-12-01,0.2490774907749077,168.99999999999997,0.2002955,142.56015,1. train,45
1985-01-01,0.7195571955719556,424.0,0.36321285,230.86137,1. train,45
1985-02-01,0.584870848708487,351.0,0.5419049,327.71246,1. train,45
1985-03-01,0.4870848708487085,298.0,0.43053916,267.35223,1. train,45
1985-04-01,0.2214022140221402,154.0,0.25027058,169.64665,1. train,45
1985-05-01,0.1494464944649446,114.99999999999999,0.1464651,113.38408,1. train,45
1985-06-01,0.1125461254612546,95.0,0.1291262,103.986404,1. train,45
1985-07-01,0.081180811808118,77.99999999999996,0.08198709,78.437004,1. train,45
1985-08-01,0.062730627306273,67.99999999999997,0.05919268,66.08243,1. train,45
1985-09-01,0.070110701107011,71.99999999999996,0.05570998,64.19481,1. train,45
1985-10-01,0.0682656826568265,70.99999999999997,0.08221488,78.56046,1. train,45
1985-11-01,0.1568265682656826,118.99999999999996,0.09394294,84.917076,1. train,45
1985-12-01,0.2749077490774907,182.99999999999997,0.26685593,178.63593,1. train,45
1986-01-01,0.4372693726937269,271.0,0.42998892,267.05402,1. train,45
1986-02-01,0.3837638376383764,242.0,0.37938958,239.62917,1. train,45
1986-03-01,0.3616236162361623,229.99999999999997,0.31085244,202.48203,1. train,45
1986-04-01,0.1734317343173431,127.99999999999996,0.25260293,170.9108,1. train,45
1986-05-01,0.1457564575645756,112.99999999999997,0.118605845,98.28437,1. train,45
1986-06-01,0.0977859778597785,86.99999999999994,0.09048502,83.04288,1. train,45
1986-07-01,0.092250922509225,83.99999999999994,0.06845699,71.10369,1. train,45
1986-08-01,0.1014760147601476,89.0,0.065854244,69.693,1. train,45
1986-09-01,0.047970479704797,59.99999999999997,0.056481272,64.61285,1. train,45
1986-10-01,0.0313653136531365,50.999999999999986,0.09676821,86.44837,1. train,45
1986-11-01,0.051660516605166,61.99999999999997,0.0934316,84.63993,1. train,45
1986-12-01,0.4003690036900369,251.0,0.0858833,80.54875,1. train,45
1987-01-01,0.3782287822878228,238.99999999999997,0.45016488,277.98938,1. train,45
1987-02-01,0.3431734317343173,219.99999999999997,0.40406674,253.00418,1. train,45
1987-03-01,0.3191881918819188,207.0,0.29418314,193.44727,1. train,45
1987-04-01,0.2509225092250922,169.99999999999997,0.22236481,154.52173,1. train,45
1987-05-01,0.1531365313653136,116.99999999999999,0.16968867,125.97126,1. train,45
1987-06-01,0.1143911439114391,96.0,0.09679395,86.46232,1. train,45
1987-07-01,0.081180811808118,77.99999999999996,0.06472456,69.08071,1. train,45
1987-08-01,0.0571955719557195,64.99999999999996,0.06342209,68.37478,1. train,45
1987-09-01,0.0885608856088561,82.0,0.05266461,62.54422,1. train,45
1987-10-01,0.070110701107011,71.99999999999996,0.076449685,75.43573,1. train,45
1987-11-01,0.1254612546125461,101.99999999999997,0.11731998,97.58743,1. train,45
1987-12-01,0.4114391143911439,257.0,0.22324705,154.99991,1. train,45
1988-01-01,0.3616236162361623,229.99999999999997,0.43141013,267.8243,1. train,45
1988-02-01,0.477859778597786,293.0,0.4211123,262.24286,1. train,45
1988-03-01,0.3616236162361623,229.99999999999997,0.42200842,262.72858,1. train,45
1988-04-01,0.1900369003690037,137.0,0.21418382,150.08763,1. train,45
1988-05-01,0.1457564575645756,112.99999999999997,0.14622252,113.2526,1. train,45
1988-06-01,0.1143911439114391,96.0,0.09755977,86.8774,1. train,45
1988-07-01,0.077490774907749,75.99999999999997,0.06989918,71.88536,1. train,45
1988-08-01,0.055350553505535,63.99999999999997,0.0774817,75.99508,1. train,45
1988-09-01,0.0424354243542435,56.99999999999998,0.046787217,59.35867,1. train,45
1988-10-01,0.1033210332103321,90.0,0.06858987,71.17571,1. train,45
1988-11-01,0.1291512915129151,103.99999999999997,0.13398114,106.617775,1. train,45
1988-12-01,0.1771217712177121,129.99999999999997,0.24471219,166.634,1. train,45
1989-01-01,0.4077490774907749,254.99999999999997,0.38918543,244.9385,1. train,45
1989-02-01,0.3634686346863469,231.0,0.35383907,225.78078,1. train,45
1989-03-01,0.4077490774907749,254.99999999999997,0.36471695,231.67659,1. train,45
1989-04-01,0.2121771217712177,149.0,0.25552836,172.49638,1. train,45
1989-05-01,0.1254612546125461,101.99999999999997,0.12411607,101.27091,1. train,45
1989-06-01,0.1143911439114391,96.0,0.10364991,90.17825,1. train,45
1989-07-01,0.081180811808118,77.99999999999996,0.0768309,75.64235,1. train,45
1989-08-01,0.066420664206642,69.99999999999996,0.064919725,69.18649,1. train,45
1989-09-01,0.0645756457564575,68.99999999999997,0.067831345,70.764595,1. train,45
1989-10-01,0.0645756457564575,68.99999999999997,0.060930666,67.02442,1. train,45
1989-11-01,0.0867158671586715,80.99999999999996,0.13403574,106.64737,1. train,45
1989-12-01,0.2601476014760148,175.0,0.17589393,129.3345,1. train,45
1990-01-01,0.3265682656826568,210.99999999999997,0.38213986,241.11981,1. train,45
1990-02-01,0.1346863468634686,106.99999999999997,0.33551285,215.84798,1. train,45
1990-03-01,0.2693726937269373,180.0,0.13297856,106.07438,1. train,45
1990-04-01,0.1402214022140221,109.99999999999999,0.14468575,112.41967,1. train,45
1990-05-01,0.0940959409594095,84.99999999999994,0.08136698,78.10091,1. train,45
1990-06-01,0.055350553505535,63.99999999999997,0.05690442,64.84219,1. train,45
1990-07-01,0.0498154981549815,60.99999999999997,0.04202962,56.780052,1. train,45
1990-08-01,0.03690036900369,53.99999999999998,0.04503309,58.407932,1. train,45
1990-09-01,0.051660516605166,61.99999999999997,0.034994707,52.96713,1. train,45
1990-10-01,0.040590405904059,55.99999999999998,0.032989025,51.88005,1. train,45
1990-11-01,0.044280442804428,57.99999999999998,0.06262745,67.94408,1. train,45
1990-12-01,0.1014760147601476,89.0,0.1699877,126.13333,1. train,45
1991-01-01,0.4575645756457564,282.0,0.22961557,158.45164,1. train,45
1991-02-01,0.3431734317343173,219.99999999999997,0.35598394,226.9433,1. train,45
1991-03-01,0.3007380073800738,196.99999999999997,0.3287918,212.20515,1. train,45
1991-04-01,0.3210332103321033,208.0,0.25455162,171.96698,1. train,45
1991-05-01,0.1605166051660516,120.99999999999996,0.16244186,122.04349,1. train,45
1991-06-01,0.095940959409594,85.99999999999996,0.113578625,95.559616,1. train,45
1991-07-01,0.0830258302583025,78.99999999999996,0.08130075,78.065,1. train,45
1991-08-01,0.062730627306273,67.99999999999997,0.054427776,63.499855,1. train,45
1991-09-01,0.0535055350553505,62.99999999999998,0.05937642,66.182014,1. train,45
1991-10-01,0.1014760147601476,89.0,0.06364219,68.494064,1. train,45
1991-11-01,0.0904059040590406,83.0,0.08644472,80.853035,1. train,45
1991-12-01,0.1660516605166051,123.99999999999999,0.1323233,105.71922,1. train,45
1992-01-01,0.7416974169741697,436.0,0.40107614,251.38327,1. train,45
1992-02-01,0.533210332103321,323.0,0.53595525,324.48773,1. train,45
1992-03-01,0.2841328413284132,187.99999999999994,0.32776123,211.64659,1. train,45
1992-04-01,0.1881918819188192,136.0,0.15958916,120.49732,1. train,45
1992-05-01,0.1531365313653136,116.99999999999999,0.12096389,99.56242,1. train,45
1992-06-01,0.092250922509225,83.99999999999994,0.12149617,99.85092,1. train,45
1992-07-01,0.081180811808118,77.99999999999996,0.08001805,77.36979,1. train,45
1992-08-01,0.055350553505535,63.99999999999997,0.058489807,65.70148,1. train,45
1992-09-01,0.1107011070110701,94.0,0.06133956,67.24604,1. train,45
1992-10-01,0.1383763837638376,108.99999999999997,0.121941835,100.092476,1. train,45
1992-11-01,0.2232472324723247,154.99999999999997,0.21413004,150.05849,1. train,45
1992-12-01,0.1678966789667896,124.99999999999997,0.24584375,167.24731,1. train,45
1993-01-01,0.2324723247232472,159.99999999999997,0.24143316,164.85677,1. train,45
1993-02-01,0.3690036900369003,233.99999999999997,0.25251016,170.86052,1. train,45
1993-03-01,0.3302583025830258,212.99999999999997,0.26720494,178.82509,1. train,45
1993-04-01,0.1845018450184501,133.99999999999997,0.17990078,131.50623,1. train,45
1993-05-01,0.1162361623616236,96.99999999999999,0.12289326,100.60815,1. train,45
1993-06-01,0.1162361623616236,96.99999999999999,0.090711184,83.16547,1. train,45
1993-07-01,0.0682656826568265,70.99999999999997,0.08360082,79.311646,1. train,45
1993-08-01,0.0498154981549815,60.99999999999997,0.060828127,66.96884,1. train,45
1993-09-01,0.051660516605166,61.99999999999997,0.050521597,61.382706,1. train,45
1993-10-01,0.081180811808118,77.99999999999996,0.046430305,59.165222,1. train,45
1993-11-01,0.0719557195571955,72.99999999999996,0.07255102,73.322655,1. train,45
1993-12-01,0.1439114391143911,111.99999999999999,0.14195736,110.94089,1. train,45
1994-01-01,0.4188191881918819,261.0,0.25996217,174.8995,1. train,45
1994-02-01,0.1678966789667896,124.99999999999997,0.3505051,223.97379,1. train,45
1994-03-01,0.2047970479704797,145.0,0.18802358,135.90878,1. train,45
1994-04-01,0.1328413284132841,105.99999999999999,0.17045194,126.38495,1. train,45
1994-05-01,0.1918819188191882,138.0,0.07761271,76.066086,1. train,45
1994-06-01,0.095940959409594,85.99999999999996,0.08550863,80.34567,1. train,45
1994-07-01,0.0719557195571955,72.99999999999996,0.067842536,70.77066,1. train,45
1994-08-01,0.044280442804428,57.99999999999998,0.060526703,66.80547,1. train,45
1994-09-01,0.0202952029520295,44.999999999999986,0.040306464,55.846104,1. train,45
1994-10-01,0.033210332103321,51.99999999999998,0.05852791,65.72212,1. train,45
1994-11-01,0.0719557195571955,72.99999999999996,0.044315465,58.018982,1. train,45
1994-12-01,0.2380073800738007,163.0,0.15509506,118.061516,1. train,45
1995-01-01,0.2158671586715867,151.0,0.33672434,216.5046,1. train,45
1995-02-01,0.544280442804428,329.0,0.4206854,262.0115,1. train,45
1995-03-01,0.2084870848708487,147.0,0.17825064,130.61185,1. train,45
1995-04-01,0.1346863468634686,106.99999999999997,0.16969964,125.9772,1. train,45
1995-05-01,0.0830258302583025,78.99999999999996,0.07630762,75.358734,1. train,45
1995-06-01,0.047970479704797,59.99999999999997,0.05159334,61.96359,1. train,45
1995-07-01,0.0350553505535055,52.99999999999998,0.052539177,62.476234,1. train,45
1995-08-01,0.014760147601476,41.999999999999986,0.03468107,52.797142,1. train,45
1995-09-01,0.0166051660516605,42.99999999999999,0.013972715,41.57321,1. train,45
1995-10-01,0.0793357933579335,76.99999999999996,0.050988372,61.6357,1. train,45
1995-11-01,0.0940959409594095,84.99999999999994,0.09786057,87.04043,1. train,45
1995-12-01,0.1678966789667896,124.99999999999997,0.21359156,149.76663,2. validation,45
1996-01-01,0.3579335793357933,227.99999999999994,0.47711852,292.59824,2. validation,45
1996-02-01,0.2859778597785978,189.0,0.28936917,190.83809,2. validation,45
1996-03-01,0.2767527675276753,184.0,0.26565593,177.98552,2. validation,45
1996-04-01,0.1420664206642066,110.99999999999997,0.17757976,130.24823,2. validation,45
1996-05-01,0.0940959409594095,84.99999999999994,0.08383316,79.43757,2. validation,45
1996-06-01,0.059040590405904,65.99999999999997,0.058939286,65.94509,2. validation,45
1996-07-01,0.044280442804428,57.99999999999998,0.048371196,60.217186,2. validation,45
1996-08-01,0.0424354243542435,56.99999999999998,0.04087852,56.156155,2. validation,45
1996-09-01,0.1088560885608856,93.0,0.021603473,45.70908,2. validation,45
1996-10-01,0.0867158671586715,80.99999999999996,0.06379409,68.57639,2. validation,45
1996-11-01,0.2952029520295203,194.0,0.1995156,142.13745,2. validation,45
1996-12-01,0.3874538745387454,244.0,0.39571694,248.47859,2. validation,45
1997-01-01,0.7656826568265682,449.0,0.39854506,250.01143,2. validation,45
1997-02-01,0.3911439114391144,246.00000000000003,0.43773863,271.25433,2. validation,45
1997-03-01,0.3284132841328413,212.0,0.24595682,167.3086,2. validation,45
1997-04-01,0.2121771217712177,149.0,0.18924886,136.57289,2. validation,45
1997-05-01,0.1439114391143911,111.99999999999999,0.1389797,109.326996,2. validation,45
1997-06-01,0.1383763837638376,108.99999999999997,0.10710842,92.052765,2. validation,45
1997-07-01,0.0830258302583025,78.99999999999996,0.10183694,89.195625,2. validation,45
1997-08-01,0.0571955719557195,64.99999999999996,0.0714896,72.74736,2. validation,45
1997-09-01,0.055350553505535,63.99999999999997,0.068012826,70.86295,2. validation,45
1997-10-01,0.055350553505535,63.99999999999997,0.107342824,92.17981,2. validation,45
1997-11-01,0.1457564575645756,112.99999999999997,0.08468496,79.899254,2. validation,45
1997-12-01,0.2140221402214022,150.0,0.22172692,154.176,2. validation,45
1998-01-01,0.2269372693726937,156.99999999999997,0.38079318,240.38991,2. validation,45
1998-02-01,0.2804428044280443,186.0,0.2681717,179.34906,2. validation,45
1998-03-01,0.1992619926199262,142.0,0.3085257,201.22095,2. validation,45
1998-04-01,0.1162361623616236,96.99999999999999,0.18993899,136.94695,2. validation,45
1998-05-01,0.095940959409594,85.99999999999996,0.07263163,73.36634,2. validation,45
1998-06-01,0.0719557195571955,72.99999999999996,0.04817771,60.11232,2. validation,45
1998-07-01,0.0387453874538745,54.99999999999998,0.045239825,58.519985,2. validation,45
1998-08-01,0.0387453874538745,54.99999999999998,0.042109735,56.823475,2. validation,45
1998-09-01,0.0129151291512915,40.99999999999999,0.02859006,49.49581,2. validation,45
1998-10-01,0.066420664206642,69.99999999999996,0.049615696,60.891705,2. validation,45
1998-11-01,0.084870848708487,79.99999999999996,0.08800308,81.69767,2. validation,45
1998-12-01,0.1383763837638376,108.99999999999997,0.15281901,116.8279,2. validation,45
1999-01-01,0.4003690036900369,251.0,0.29567352,194.25505,2. validation,45
1999-02-01,0.2785977859778598,185.0,0.3477025,222.45476,2. validation,45
1999-03-01,0.3302583025830258,212.99999999999997,0.31740728,206.03476,2. validation,45
1999-04-01,0.1402214022140221,109.99999999999999,0.2025583,143.78659,2. validation,45
1999-05-01,0.077490774907749,75.99999999999997,0.089462735,82.48881,2. validation,45
1999-06-01,0.070110701107011,71.99999999999996,0.062204383,67.714775,2. validation,45
1999-07-01,0.044280442804428,57.99999999999998,0.04573953,58.790825,2. validation,45
1999-08-01,0.0202952029520295,44.999999999999986,0.038544178,54.89094,2. validation,45
1999-09-01,0.014760147601476,41.999999999999986,0.019718736,44.687553,2. validation,45
1999-10-01,0.0129151291512915,40.99999999999999,0.04508297,58.43497,2. validation,45
1999-11-01,0.0461254612546125,58.99999999999997,0.05460328,63.594975,2. validation,45
1999-12-01,0.2509225092250922,169.99999999999997,0.18291032,133.13739,2. validation,45
2000-01-01,0.488929889298893,299.0,0.3953629,248.28671,2. validation,45
2000-02-01,0.3597785977859778,228.99999999999997,0.42664722,265.2428,2. validation,45
2000-03-01,0.2730627306273063,182.0,0.3296272,212.65794,2. validation,45
2000-04-01,0.1568265682656826,118.99999999999996,0.20126404,143.08511,2. validation,45
2000-05-01,0.092250922509225,83.99999999999994,0.09909932,87.71183,2. validation,45
2000-06-01,0.0645756457564575,68.99999999999997,0.061385203,67.27078,2. validation,45
2000-07-01,0.055350553505535,63.99999999999997,0.043202206,57.415596,2. validation,45
2000-08-01,0.03690036900369,53.99999999999998,0.042995345,57.30348,2. validation,45
2000-09-01,0.092250922509225,83.99999999999994,0.013778456,41.467922,2. validation,45
2000-10-01,0.044280442804428,57.99999999999998,0.08297276,78.97124,2. validation,45
2000-11-01,0.1309963099630996,105.0,0.1928153,138.5059,2. validation,45
2000-12-01,0.2084870848708487,147.0,0.26904163,179.82057,2. validation,45
2001-01-01,0.1826568265682656,132.99999999999994,0.34221837,219.48236,2. validation,45
2001-02-01,0.1402214022140221,109.99999999999999,0.16140443,121.4812,2. validation,45
2001-03-01,0.1125461254612546,95.0,0.11954452,98.79313,2. validation,45
2001-04-01,0.084870848708487,79.99999999999996,0.06856759,71.163635,2. validation,45
2001-05-01,0.0387453874538745,54.99999999999998,0.047369316,59.674168,2. validation,45
2001-06-01,0.018450184501845,43.99999999999999,0.03425711,52.567356,2. validation,45
2001-07-01,0.007380073800738,38.0,0.03414661,52.507465,2. validation,45
2001-08-01,0.0,34.0,0.011823095,40.408115,2. validation,45
2001-09-01,0.0092250922509225,38.99999999999999,0.016620781,43.008465,2. validation,45
2001-10-01,0.0387453874538745,54.99999999999998,0.04500299,58.39162,2. validation,45
2001-11-01,0.0940959409594095,84.99999999999994,0.122627005,100.46384,2. validation,45
2001-12-01,0.1937269372693726,138.99999999999994,0.28202072,186.85524,2. validation,45
2002-01-01,0.2841328413284132,187.99999999999994,0.28997838,191.16829,2. validation,45
2002-02-01,0.2970479704797048,195.0,0.21116874,148.45346,2. validation,45
2002-03-01,0.2287822878228782,158.0,0.26726285,178.85648,2. validation,45
2002-04-01,0.1014760147601476,89.0,0.14751565,113.95348,2. validation,45
2002-05-01,0.070110701107011,71.99999999999996,0.064381875,68.89498,2. validation,45
2002-06-01,0.0424354243542435,56.99999999999998,0.04458075,58.162766,2. validation,45
2002-07-01,0.033210332103321,51.99999999999998,0.04297267,57.291187,2. validation,45
2002-08-01,0.022140221402214,45.999999999999986,0.038067937,54.63282,2. validation,45
2002-09-01,0.025830258302583,47.999999999999986,0.003765143,36.040707,2. validation,45
2002-10-01,0.0055350553505535,36.99999999999999,0.06004632,66.545105,2. validation,45
2002-11-01,0.1070110701107011,91.99999999999999,0.05881209,65.87615,2. validation,45
2002-12-01,0.2546125461254612,171.99999999999997,0.21963175,153.0404,2. validation,45
2003-01-01,0.5092250922509225,310.0,0.3479496,222.58868,3. test,45
2003-02-01,0.3265682656826568,210.99999999999997,0.21130438,148.52698,3. test,45
2003-03-01,0.2084870848708487,147.0,0.2832654,187.52986,3. test,45
2003-04-01,0.1033210332103321,90.0,0.13365518,106.4411,3. test,45
2003-05-01,0.081180811808118,77.99999999999996,0.0743527,74.299164,3. test,45
2003-06-01,0.062730627306273,67.99999999999997,0.058079295,65.47897,3. test,45
2003-07-01,0.044280442804428,57.99999999999998,0.035088956,53.01821,3. test,45
2003-08-01,0.0239852398523985,46.999999999999986,0.041432783,56.456566,3. test,45
2003-09-01,0.0166051660516605,42.99999999999999,0.009733014,39.27529,3. test,45
2003-10-01,0.040590405904059,55.99999999999998,0.07112808,72.55142,3. test,45
2003-11-01,0.0608856088560885,66.99999999999997,0.058435638,65.67212,3. test,45
2003-12-01,0.1937269372693726,138.99999999999994,0.17742892,130.16647,3. test,45
2004-01-01,0.2029520295202952,144.0,0.42176145,262.59473,3. test,45
2004-02-01,0.3265682656826568,210.99999999999997,0.2231177,154.9298,3. test,45
2004-03-01,0.2730627306273063,182.0,0.19414103,139.22444,3. test,45
2004-04-01,0.2435424354243542,165.99999999999997,0.2530516,171.15398,3. test,45
2004-05-01,0.1328413284132841,105.99999999999999,0.11546236,96.5806,3. test,45
2004-06-01,0.1051660516605166,91.0,0.07668926,75.565575,3. test,45
2004-07-01,0.077490774907749,75.99999999999997,0.061394453,67.275795,3. test,45
2004-08-01,0.051660516605166,61.99999999999997,0.05799275,65.43207,3. test,45
2004-09-01,0.0313653136531365,50.999999999999986,0.0472044,59.584785,3. test,45
2004-10-01,0.055350553505535,63.99999999999997,0.036456034,53.75917,3. test,45
2004-11-01,0.1070110701107011,91.99999999999999,0.06945549,71.644875,3. test,45
2004-12-01,0.2767527675276753,184.0,0.1297854,104.34369,3. test,45
2005-01-01,0.4059040590405904,254.0,0.39358047,247.32062,3. test,45
2005-02-01,0.3210332103321033,208.0,0.4237329,263.66324,3. test,45
2005-03-01,0.2619926199261992,175.99999999999997,0.32890472,212.26636,3. test,45
2005-04-01,0.1476014760147601,113.99999999999996,0.18979797,136.8705,3. test,45
2005-05-01,0.1568265682656826,118.99999999999996,0.09847965,87.37598,3. test,45
2005-06-01,0.1088560885608856,93.0,0.07461735,74.442604,3. test,45
2005-07-01,0.092250922509225,83.99999999999994,0.060564183,66.82578,3. test,45
2005-08-01,0.0571955719557195,64.99999999999996,0.06742035,70.541824,3. test,45
2005-09-01,0.055350553505535,63.99999999999997,0.05542811,64.04204,3. test,45
2005-10-01,0.0571955719557195,64.99999999999996,0.08874037,82.09728,3. test,45
2005-11-01,0.1328413284132841,105.99999999999999,0.10157283,89.05247,3. test,45
2005-12-01,0.2619926199261992,175.99999999999997,0.21602432,151.08519,3. test,45
2006-01-01,0.1752767527675277,129.0,0.35004142,223.72246,3. test,45
2006-02-01,0.2195571955719557,152.99999999999997,0.26927143,179.94513,3. test,45
2006-03-01,0.2140221402214022,150.0,0.25384012,171.58134,3. test,45
2006-04-01,0.095940959409594,85.99999999999996,0.12646078,102.54174,3. test,45
2006-05-01,0.062730627306273,67.99999999999997,0.06218766,67.70571,3. test,45
2006-06-01,0.047970479704797,59.99999999999997,0.041823782,56.668488,3. test,45
2006-07-01,0.0350553505535055,52.99999999999998,0.04069379,56.056034,3. test,45
2006-08-01,0.0202952029520295,44.999999999999986,0.050648384,61.451424,3. test,45
2006-09-01,0.03690036900369,53.99999999999998,0.015114348,42.19198,3. test,45
2006-10-01,0.0645756457564575,68.99999999999997,0.058816675,65.87864,3. test,45
2006-11-01,0.1439114391143911,111.99999999999999,0.11413675,95.86212,3. test,45
2006-12-01,0.2509225092250922,169.99999999999997,0.30064553,196.94989,3. test,45
2007-01-01,0.6070110701107011,363.0,0.33168685,213.77428,3. test,45
2007-02-01,0.4428044280442805,274.0,0.19620857,140.34505,3. test,45
2007-03-01,0.1808118081180811,131.99999999999997,0.33474892,215.43393,3. test,45
2007-04-01,0.1217712177121771,99.99999999999999,0.092186324,83.96499,3. test,45
2007-05-01,0.0867158671586715,80.99999999999996,0.09135288,83.51326,3. test,45
2007-06-01,0.066420664206642,69.99999999999996,0.06672288,70.1638,3. test,45
2007-07-01,0.0461254612546125,58.99999999999997,0.044900063,58.335835,3. test,45
2007-08-01,0.03690036900369,53.99999999999998,0.048626915,60.355785,3. test,45
2007-09-01,0.014760147601476,41.999999999999986,0.034673467,52.79302,3. test,45
2007-10-01,0.029520295202952,49.999999999999986,0.0752094,74.7635,3. test,45
2007-11-01,0.0904059040590406,83.0,0.031046007,50.826935,3. test,45
2007-12-01,0.0996309963099631,88.0,0.18569657,134.64754,3. test,45
2008-01-01,0.1457564575645756,112.99999999999997,0.32217324,208.6179,3. test,45
2008-02-01,0.3450184501845018,220.99999999999997,0.30774432,200.79742,3. test,45
2008-03-01,0.2952029520295203,194.0,0.20913367,147.35045,3. test,45
2008-04-01,0.1974169741697417,141.0,0.25784114,173.74991,3. test,45
2008-05-01,0.0996309963099631,88.0,0.117805995,97.85085,3. test,45
2008-06-01,0.0756457564575645,74.99999999999994,0.06617723,69.86806,3. test,45
2008-07-01,0.047970479704797,59.99999999999997,0.048298027,60.177532,3. test,45
2008-08-01,0.0313653136531365,50.999999999999986,0.042121507,56.829857,3. test,45
2008-09-01,0.0350553505535055,52.99999999999998,0.035741474,53.37188,3. test,45
2008-10-01,0.062730627306273,67.99999999999997,0.021180801,45.479992,3. test,45
2008-11-01,0.1568265682656826,118.99999999999996,0.06516424,69.319016,3. test,45
2008-12-01,0.4114391143911439,257.0,0.24596402,167.3125,3. test,45
2009-01-01,0.4059040590405904,254.0,0.53328884,323.04254,3. test,45
2009-02-01,0.4298892988929889,267.0,0.39399564,247.54564,3. test,45
2009-03-01,0.3487084870848708,222.99999999999997,0.34925905,223.29842,3. test,45
2009-04-01,0.2638376383763838,177.00000000000003,0.21647039,151.32697,3. test,45
2009-05-01,0.1494464944649446,114.99999999999999,0.19157803,137.8353,3. test,45
2009-06-01,0.1088560885608856,93.0,0.095544346,85.78504,3. test,45
2009-07-01,0.1033210332103321,90.0,0.07872764,76.67039,3. test,45
2009-08-01,0.0756457564575645,74.99999999999994,0.07671644,75.58031,3. test,45
2009-09-01,0.0996309963099631,88.0,0.06723995,70.44405,3. test,45
2009-10-01,0.1678966789667896,124.99999999999997,0.09988182,88.13595,3. test,45
2009-11-01,0.1642066420664206,122.99999999999996,0.26896334,179.77814,3. test,45
2009-12-01,0.4391143911439114,272.0,0.28012383,185.82712,3. test,45
2010-01-01,0.485239852398524,297.0,0.48482472,296.775,3. test,45
2010-02-01,0.2675276752767527,178.99999999999997,0.4548257,280.51553,3. test,45
2010-03-01,0.3948339483394834,248.0,0.13669582,108.089134,3. test,45
2010-04-01,0.2158671586715867,151.0,0.21800886,152.1608,3. test,45
2010-05-01,0.1383763837638376,108.99999999999997,0.1415113,110.69913,3. test,45
2010-06-01,0.1014760147601476,89.0,0.11099929,94.16162,3. test,45
2010-07-01,0.0867158671586715,80.99999999999996,0.08123757,78.03076,3. test,45
2010-08-01,0.0535055350553505,62.99999999999998,0.08156666,78.20913,3. test,45
2010-09-01,0.040590405904059,55.99999999999998,0.043036398,57.32573,3. test,45
2010-10-01,0.0793357933579335,76.99999999999996,0.077591814,76.05476,3. test,45
2010-11-01,0.2675276752767527,178.99999999999997,0.08448036,79.78835,3. test,45
2010-12-01,0.4760147601476015,292.0,0.41394004,258.3555,3. test,45
2011-01-01,0.9059040590405903,525.0,0.45947772,283.03693,3. test,45
2011-02-01,0.2822878228782288,187.0,0.5283329,320.3564,3. test,45
2011-03-01,0.3745387453874538,236.99999999999994,0.21176445,148.77634,3. test,45
2011-04-01,0.2140221402214022,150.0,0.21146168,148.61223,3. test,45
2011-05-01,0.1605166051660516,120.99999999999996,0.1315037,105.275,3. test,45
2011-06-01,0.1236162361623616,100.99999999999999,0.10608625,91.49875,3. test,45
2011-07-01,0.0904059040590406,83.0,0.085301496,80.23341,3. test,45
2011-08-01,0.062730627306273,67.99999999999997,0.06441276,68.91171,3. test,45
2011-09-01,0.0498154981549815,60.99999999999997,0.063450634,68.39024,3. test,45
2011-10-01,0.092250922509225,83.99999999999994,0.12550429,102.02332,3. test,45
2011-11-01,0.1088560885608856,93.0,0.11741374,97.638245,3. test,45
2011-12-01,0.470479704797048,289.0,0.18482979,134.17775,3. test,45
2012-01-01,0.6420664206642066,382.0,0.4688809,288.13342,3. test,45
2012-02-01,0.3671586715867159,233.0,0.5818522,349.3639,3. test,45
2012-03-01,0.2177121771217712,152.0,0.32152176,208.2648,3. test,45
2012-04-01,0.1328413284132841,105.99999999999999,0.17335558,127.958725,3. test,45
2012-05-01,0.1365313653136531,107.99999999999999,0.103610404,90.156845,3. test,45
2012-06-01,0.1254612546125461,101.99999999999997,0.083594754,79.30836,3. test,45
2012-07-01,0.081180811808118,77.99999999999996,0.06464509,69.03764,3. test,45
2012-08-01,0.0498154981549815,60.99999999999997,0.0679883,70.84966,3. test,45
2012-09-01,0.033210332103321,51.99999999999998,0.07032675,72.1171,3. test,45
2012-10-01,0.044280442804428,57.99999999999998,0.08441972,79.75549,3. test,45
2012-11-01,0.1070110701107011,91.99999999999999,0.0793174,76.990036,3. test,45
2012-12-01,0.1715867158671586,126.99999999999997,0.15040594,115.52002,3. test,45
